﻿№;Код ЦБ;Наименование эмитента;Вид, категория(тип) ЦБ;ISIN;Номер государственной регистрации;Лот;Шаг цены;Валюта цены;Дата начала торгов;Торговый календарь
1;AFKS;Публичное акционерное общество "Акционерная финансовая корпорация "Система";Акции обыкновенные;RU000A0DQZE3;1-05-01669-A;100,00;0,001;Российский рубль;20.08.2021;Ценные бумаги RUB и USD
2;ALRS;Акционерная компания "АЛРОСА" (публичное акционерное общество);Акции обыкновенные;RU0007252813;1-03-40046-N;10,00;0,01;Российский рубль;22.03.2021;Ценные бумаги RUB и USD
3;Atomenpr01;акционерное общество "Атомный энергопромышленный комплекс";Облигации биржевые;RU000A103AT8;4B02-01-55319-E-001P;1,00;0,01;Процент от номинальной стоимости;15.12.2022;Ценные бумаги RUB и USD
4;ATRR01;Общество с ограниченной ответственностью "АНТЕРРА";Облигации биржевые;RU000A104V59;4B04-01-00074-L;1,00;0,01;Процент от номинальной стоимости;24.06.2022;Ценные бумаги RUB и USD
5;CHMF;Публичное акционерное общество "Северсталь";Акции обыкновенные;RU0009046510;1-02-00143-A;1,00;0,2;Российский рубль;22.03.2021;Ценные бумаги RUB и USD
6;DIRP01;Общество с ограниченной ответственностью "Диомидовский рыбный порт";Облигации биржевые;RU000A100KC9;4B04-01-00450-R-001Р;1,00;0,01;Процент от номинальной стоимости;11.07.2019;Ценные бумаги RUB и USD
7;DIRP02;Общество с ограниченной ответственностью "Диомидовский рыбный порт";Облигации биржевые;RU000A100RX0;4B04-02-00450-R-001P;1,00;0,01;Процент от номинальной стоимости;28.08.2019;Ценные бумаги RUB и USD
8;DIRP03;Общество с ограниченной ответственностью "Диомидовский рыбный порт";Облигации биржевые;RU000A1016D0;4B04-03-00450-R-001P;1,00;0,01;Процент от номинальной стоимости;16.12.2019;Ценные бумаги RUB и USD
9;DMNN01;Акционерное общество Управляющая компания "Доминион";Облигации биржевые;RU000A103KW1;4B04-01-69330-H;1,00;0,01;Процент от номинальной стоимости;25.08.2021;Ценные бумаги RUB и USD
10;DSKY;Публичное акционерное общество "Детский мир";Акции обыкновенные;RU000A0JSQ90;1-02-00844-A;10,00;0,2;Российский рубль;20.08.2021;Ценные бумаги RUB и USD
11;ENRU;Публичное акционерное общество "ЭЛ5-ЭНЕРГО";Акции обыкновенные;RU000A0F5UN3;1-01-50077-A;1000,00;0,0002;Российский рубль;05.05.2022;Ценные бумаги RUB и USD
12;EVLN01;Акционерное общество "Холдинговая компания "Эволюция";Облигации биржевые;RU000A104W82;4B04-01-86089-H;1,00;0,01;Процент от номинальной стоимости;23.06.2022;Ценные бумаги RUB и USD
13;FEES;Публичное акционерное общество "Федеральная сетевая компания - Россети";Акции обыкновенные;RU000A0JPNN9;1-01-65018-D;10000,00;2E-05;Российский рубль;09.06.2014;Ценные бумаги RUB и USD
14;FIPO;Общество с ограниченной ответственностью "Управляющая компания "Восток-Запад";Инвестиционные паи закрытого паевого инвестиционного фонда рыночных финансовых инструментов "Фонд первичных размещений";RU000A101NK4;3964;1,00;0,01;Доллар США;04.09.2020;Паевые инвестиционные фонды
15;GAZP;Публичное акционерное общество "Газпром";Акции обыкновенные;RU0007661625;1-02-00028-A;10,00;0,01;Российский рубль;17.04.2014;Ценные бумаги RUB и USD
16;GCHE;Публичное акционерное общество "Группа Черкизово";Акции обыкновенные;RU000A0JL4R1;1-02-10797-A;1,00;0,5;Российский рубль;05.05.2022;Ценные бумаги RUB и USD
17;GLGR02;Публичное акционерное общество Управляющая компания "Голдман Групп";Облигации корпоративные;RU000A103FD1;4-02-16650-A-001P;1,00;0,01;Процент от номинальной стоимости;27.07.2021;Ценные бумаги RUB и USD
18;GMKN;Публичное акционерное общество "Горно-металлургическая компания "Норильский никель";Акции обыкновенные;RU0007288411;1-01-40155-F;1,00;2;Российский рубль;09.06.2014;Ценные бумаги RUB и USD
19;GROWS;Общество с ограниченной ответственностью "Управляющая компания "Восток-Запад";Инвестиционные паи интервального паевого инвестиционного фонда рыночных финансовых инструментов "Индустрии будущего";RU000A100S25;3802;1,00;0,01;Доллар США;04.09.2020;Паевые инвестиционные фонды
20;HYDR;Публичное акционерное общество "Федеральная гидрогенерирующая компания - РусГидро";Акции обыкновенные;RU000A0JPKH7;1-01-55038-E ;1000,00;0,0001;Российский рубль;09.06.2014;Ценные бумаги RUB и USD
21;IRAO;Публичное акционерное общество "Интер РАО ЕЭС";Акции обыкновенные;RU000A0JPNM1;1-04-33498-E ;1000,00;0,0005;Российский рубль;22.01.2015;Ценные бумаги RUB и USD
22;LKOH;Публичное акционерное общество "Нефтяная компания "ЛУКОЙЛ";Акции обыкновенные;RU0009024277;1-01-00077-A;1,00;0,5;Российский рубль;09.06.2014;Ценные бумаги RUB и USD
23;LSRG;Публичное акционерное общество "Группа ЛСР";Акции обыкновенные;RU000A0JPFP0;1-01-55234-E;1,00;0,2;Российский рубль;20.08.2021;Ценные бумаги RUB и USD
24;MAGN;Публичное акционерное общество "Магнитогорский металлургический комбинат";Акции обыкновенные;RU0009084396;1-03-00078-A;10,00;0,005;Российский рубль;09.06.2014;Ценные бумаги RUB и USD
25;MGNT;Публичное акционерное общество "Магнит";Акции обыкновенные;RU000A0JKQU8;1-01-60525-P;1,00;1;Российский рубль;09.06.2014;Ценные бумаги RUB и USD
26;MSNG;Публичное акционерное общество энергетики и электрификации "Мосэнерго";Акции обыкновенные;RU0008958863;1-01-00085-A;1000,00;0,0005;Российский рубль;05.05.2022;Ценные бумаги RUB и USD
27;MTKB;Публичное акционерное общество "МЕТКОМБАНК";Акции обыкновенные;RU000A0JRAK8;10102443B;1,00;0,1;Российский рубль;09.09.2021;Ценные бумаги RUB и USD
28;MTS18soc;Публичное акционерное общество "Мобильные ТелеСистемы";Облигации биржевые;RU000A102VL3;4B02-18-04715-A-001P;1,00;0,01;Процент от номинальной стоимости;15.12.2022;Ценные бумаги RUB и USD
29;MTSS;Публичное акционерное общество "Мобильные ТелеСистемы";Акции обыкновенные;RU0007775219;1-01-04715-A;10,00;0,05;Российский рубль;09.06.2014;Ценные бумаги RUB и USD
30;NLMK;Публичное акционерное общество "Новолипецкий металлургический комбинат";Акции обыкновенные;RU0009046452;1-01-00102-A;10,00;0,01;Российский рубль;09.06.2014;Ценные бумаги RUB и USD
31;NMTP;Публичное акционерное общество "Новороссийский морской торговый порт";Акции обыкновенные;RU0009084446;1-01-30251-E;100,00;0,005;Российский рубль;05.05.2022;Ценные бумаги RUB и USD
32;NVTK;публичное акционерное общество "НОВАТЭК";Акции обыкновенные;RU000A0DKVS5;1-02-00268-E;1,00;0,1;Российский рубль;09.06.2014;Ценные бумаги RUB и USD
33;ORG1P1;Акционерное общество "Управляющая компания "ОРГ";Облигации биржевые;RU000A104UY4;4B04-01-01566-G-001P;1,00;0,01;Процент от номинальной стоимости;27.06.2022;Ценные бумаги RUB и USD
34;PHOR;Публичное акционерное общество "ФосАгро";Акции обыкновенные;RU000A0JRKT8;1-02-06556-A;1,00;1;Российский рубль;20.08.2021;Ценные бумаги RUB и USD
35;PIKK;Публичное акционерное общество "ПИК-специализированный застройщик";Акции обыкновенные;RU000A0JP7J7;1-02-01556-A;1,00;0,1;Российский рубль;20.08.2021;Ценные бумаги RUB и USD
36;PLZL;Публичное акционерное общество "Полюс";Акции обыкновенные;RU000A0JNAA8;1-01-55192-E;1,00;0,5;Российский рубль;20.08.2021;Ценные бумаги RUB и USD
37;RTKM;Публичное акционерное общество "Ростелеком";Акции обыкновенные;RU0008943394;1-01-00124-A;10,00;0,01;Российский рубль;09.06.2014;Ценные бумаги RUB и USD
38;RU000A0JXTY7;Публичное акционерное общество "Челябинский трубопрокатный завод";Облигации биржевые;RU000A0JXTY7;4B02-04-00182-A-001P;1,00;0,01;Процент от номинальной стоимости;13.10.2021;Ценные бумаги RUB и USD
39;RU000A1008J4;Публичное акционерное общество "Акционерная финансовая корпорация "Система";Облигации биржевые;RU000A1008J4;4B02-10-01669-A-001P;1,00;0,01;Процент от номинальной стоимости;13.10.2021;Ценные бумаги RUB и USD
40;RU000A100FE5;акционерное общество "Государственная транспортная лизинговая компания";Облигации биржевые;RU000A100FE5;4B02-14-32432-H-001P;1,00;0,01;Процент от номинальной стоимости;13.10.2021;Ценные бумаги RUB и USD
41;RU000A100N12;Публичное акционерное общество "Акционерная финансовая корпорация "Система";Облигации биржевые;RU000A100N12;4B02-11-01669-A-001P;1,00;0,01;Процент от номинальной стоимости;13.10.2021;Ценные бумаги RUB и USD
42;RU000A100P85;Общество с ограниченной ответственностью "ЕвразХолдинг Финанс";Облигации биржевые;RU000A100P85;4B02-01-36383-R-002P;1,00;0,01;Процент от номинальной стоимости;13.10.2021;Ценные бумаги RUB и USD
43;SEGE2P1R;Публичное акционерное общество Группа компаний "Сегежа";Облигации биржевые;RU000A1041B2;4B02-01-87154-H-002P;1,00;0,01;Процент от номинальной стоимости;17.12.2021;Ценные бумаги RUB и USD
44;SEGE2P3R;Публичное акционерное общество Группа компаний "Сегежа";Облигации биржевые;RU000A104FG2;4B02-03-87154-H-002P;1,00;0,01;Процент от номинальной стоимости;10.02.2022;Ценные бумаги RUB и USD
45;SIBN;Публичное акционерное общество "Газпром нефть";Акции обыкновенные;RU0009062467;1-01-00146-A;1,00;0,05;Российский рубль;22.03.2021;Ценные бумаги RUB и USD
46;SNGS;публичное акционерное общество "Сургутнефтегаз";Акции обыкновенные;RU0008926258;1-01-00155-A;100,00;0,005;Российский рубль;09.06.2014;Ценные бумаги RUB и USD
47;SNGSP;публичное акционерное общество "Сургутнефтегаз";Акции привилегированные;RU0009029524;2-01-00155-A;100,00;0,005;Российский рубль;09.06.2014;Ценные бумаги RUB и USD
48;SPBE;Публичное акционерное общество "СПБ Биржа";Акции обыкновенные;RU000A0JQ9P9;1-01-55439-E;1,00;0,1;Российский рубль;29.12.2014;Акции ПАО "СПБ Биржа" (USD)
49;STM1P2;Акционерное общество "Синара - Транспортные Машины";Облигации биржевые;RU000A103G00;4B02-02-55323-E-001P;1,00;0,1;Процент от номинальной стоимости;15.12.2022;Ценные бумаги RUB и USD
50;SVEC1P1;Общество с ограниченной ответственностью "Славянск ЭКО";Облигации биржевые;RU000A103WB0;4B02-01-00039-L-001P;1,00;0,01;Процент от номинальной стоимости;02.02.2023;Ценные бумаги RUB и USD
51;TATN;публичное акционерное общество "Татнефть" имени В.Д. Шашина;Акции обыкновенные;RU0009033591;1-03-00161-A;1,00;0,1;Российский рубль;22.03.2021;Ценные бумаги RUB и USD
52;TATNP;публичное акционерное общество "Татнефть" имени В.Д. Шашина;Акции привилегированные;RU0006944147;2-03-00161-A;1,00;0,1;Российский рубль;20.08.2021;Ценные бумаги RUB и USD
53;TDEU01;Акционерное общество "Торговый дом "Энергетические угли";Облигации биржевые;RU000A0ZZEX2;4B04-01-57045-N;1,00;0,01;Процент от номинальной стоимости;01.08.2018;Ценные бумаги RUB и USD
54;TDEU03;Акционерное общество "Торговый дом "Энергетические угли";Облигации биржевые;RU000A0ZZXU8;4B04-03-57045-N;1,00;0,01;Процент от номинальной стоимости;13.12.2018;Ценные бумаги RUB и USD
55;TFM01;Общество с ограниченной ответственностью "ТФМ";Облигации биржевые;RU000A1016E8;4B04-01-00451-R-001P;1,00;0,01;Процент от номинальной стоимости;16.12.2019;Ценные бумаги RUB и USD
56;TKKclA1;Общество с ограниченной ответственностью "Транспортная концессионная компания";Облигации корпоративные;RU000A0JWU31;4-01-36523-R;1,00;0,1;Процент от номинальной стоимости;15.12.2022;Ценные бумаги RUB и USD
57;TKKclA2;Общество с ограниченной ответственностью "Транспортная концессионная компания";Облигации корпоративные;RU000A0ZYBA9;4-03-36523-R;1,00;0,1;Процент от номинальной стоимости;15.12.2022;Ценные бумаги RUB и USD
58;TKKclA3;Общество с ограниченной ответственностью "Транспортная концессионная компания";Облигации корпоративные;RU000A0ZYGF7;4-04-36523-R;1,00;0,1;Процент от номинальной стоимости;15.12.2022;Ценные бумаги RUB и USD
59;TKKclB;Общество с ограниченной ответственностью "Транспортная концессионная компания";Облигации корпоративные;RU000A0JWU23;4-02-36523-R;1,00;0,1;Процент от номинальной стоимости;15.12.2022;Ценные бумаги RUB и USD
60;TRNFP;Публичное акционерное общество "Транснефть";Акции привилегированные;RU0009091573;2-01-00206-A;1,00;50;Российский рубль;09.06.2014;Ценные бумаги RUB и USD
